{"cameraMode":{"drawMode":0,"name":"Shaded","section":"Shading Mode"},"sceneLighting":false,"audioPlay":false,"sceneViewState":{"showFog":true,"showMaterialUpdate":false,"showSkybox":false,"showFlares":true,"showImageEffects":true,"showParticleSystems":true},"in2DMode":false,"pivot":{"x":0.0031999945640563967,"y":0.774399995803833,"z":-0.4535999894142151},"rotation":{"x":0.23717671632766725,"y":-0.3294430375099182,"z":0.08587759733200073,"w":0.909856915473938},"size":13.293017387390137,"orthographic":false}